{
  "ул. БЕЗБОКОВА 40, Иркутск": [
    52.2372391,
    104.2985255
  ],
  "ул. ДЗЕРЖИНСКОГО 44Б, Иркутск": [
    52.2858174,
    104.2978963
  ],
  "ул. РОССИЙСКАЯ 10, Иркутск": [
    52.2850057,
    104.2755689
  ],
  "ул. ЛЕРМОНТОВА 134, Иркутск": [
    52.2403558,
    104.2741762
  ],
  "ул. ЖЕЛЯБОВА 6, Иркутск": [
    52.2871846,
    104.2850147
  ],
  "ул. ЛЕРМОНТОВА 31, Иркутск": [
    52.2725695,
    104.2554497
  ],
  "ул. ДЕКАБРЬСКИХ СОБЫТИЙ 103, Иркутск": [
    52.2830576,
    104.3107697
  ],
  "ул. СЕДОВА 65А/5, Иркутск": [
    52.271146,
    104.2998047
  ],
  "ул. ФУРЬЕ 3, Иркутск": [
    52.2851202,
    104.2919956
  ],
  "ул. ЧЕЛЯБИНСКАЯ 27/99, Иркутск": [
    52.3250673,
    104.2931676
  ],
  "ул. СЕДОВА 48, Иркутск": [
    52.271834,
    104.294321
  ],
  "ул. СВЕРДЛОВА 28, Иркутск": [
    52.2859145,
    104.2863275
  ],
  "ул. Советская 109/1, Иркутск": [
    52.2804462,
    104.3402388
  ],
  "ул. СТЕПАНА РАЗИНА 6, Иркутск": [
    52.2857193,
    104.2723951
  ],
  "ул. ЛЕРМОНТОВА 17, Иркутск": [
    52.251313,
    104.2755212
  ],
  "ул. АНГАРСКАЯ 16, Иркутск": [
    52.3017017,
    104.2939438
  ],
  "ул. ЧЕРНЫШЕВСКОГО 15, Иркутск": [
    52.2705396,
    104.2617001
  ],
  "ул. РОЗЫ ЛЮКСЕМБУРГ 182, Иркутск": [
    52.3556315,
    104.1620602
  ],
  "ул. БАУМАНА 233Б, Иркутск": [
    52.3514333,
    104.1497231
  ],
  "ул. ЛЕРМОНТОВА 277/1, Иркутск": [
    52.250803,
    104.2732151
  ],
  "ул. ДЕКАБРЬСКИХ СОБЫТИЙ 65/1, Иркутск": [
    52.2806604,
    104.3153914
  ],
  "ул. ПАРТИЗАНСКАЯ 101, Иркутск": [
    52.2739424,
    104.3086123
  ],
  "ул. МАРАТА 31, Иркутск": [
    52.282375,
    104.279893
  ],
  "ул. Советская 3, Иркутск": [
    52.2802813,
    104.3453459
  ],
  "ул. ЛИТВИНОВА 17, Иркутск": [
    52.2820844,
    104.2947209
  ],
  "ул. ВЕРХНЯЯ НАБЕРЕЖНАЯ 161/14, Иркутск": [
    52.2510857,
    104.3294859
  ],
  "ул. КИЕВСКАЯ 2, Иркутск": [
    52.2822876,
    104.2857163
  ],
  "ул. СТЕПАНА РАЗИНА 27, Иркутск": [
    52.2832283,
    104.2778669
  ],
  "ул. МАРИИ УЛЬЯНОВОЙ 13а, Иркутск": [
    52.340914,
    104.2235317
  ],
  "ул. ЛИТВИНОВА 15, Иркутск": [
    52.2822455,
    104.2922118
  ],
  "ул. РАКИТНАЯ 18, Иркутск": [
    52.2748053,
    104.2163031
  ],
  "ул. ЗЕРЖИНСКОГО 44, Иркутск": [
    52.2858174,
    104.2978963
  ],
  "ул. ЕКАБРЬСКИХ СОБЫТИЙ 103, Иркутск": [
    52.2830576,
    104.3107697
  ],
  "ул. СЕДОВА 65, Иркутск": [
    52.271146,
    104.2998047
  ],
  "ул. ЧЕЛЯБИНСКАЯ 27, Иркутск": [
    52.3250673,
    104.2931676
  ],
  "ул. Советская 109, Иркутск": [
    52.2804462,
    104.3402388
  ],
  "микрорайон ЮБИЛЕЙНЫЙ 100, Иркутск": [
    52.2196253,
    104.2970784
  ],
  "обл. ИРКУТСКАЯ г. ИРКУТСК мкр. ЮБИЛЕЙНЫЙ 100": [
    52.2196253,
    104.2970784
  ],
  "ул. БАУМАНА 233, Иркутск": [
    52.3514333,
    104.1497231
  ],
  "ул. ЛЕРМОНТОВА 277, Иркутск": [
    52.250803,
    104.2732151
  ],
  "ул. ЕКАБРЬСКИХ СОБЫТИЙ 65, Иркутск": [
    52.2806604,
    104.3153914
  ],
  "ул. МАРАТА, Иркутск": [
    52.2835007,
    104.2789572
  ],
  "ул. ВЕРХНЯЯ НАБЕРЕЖНАЯ 161, Иркутск": [
    52.2510857,
    104.3294859
  ],
  "ул. МАРИИ УЛЬЯНОВОЙ 13, Иркутск": [
    52.340914,
    104.2235317
  ]
}